season,E_ac,load_wh,consumed_solar,E_ac_kwh,load_wh_kwh,consumed_solar_kwh
Winter,612074.4887799787,2640160.797717479,504948.44570255553,612.0744887799788,2640.160797717479,504.94844570255555
Spring,923362.6274523848,2593801.700185377,699709.7732976478,923.3626274523848,2593.8017001853773,699.7097732976479
Summer,941814.058132081,2603494.698226185,789995.4895129577,941.814058132081,2603.494698226185,789.9954895129578
Fall,727634.0805499927,2601770.0244362806,571868.57879214,727.6340805499927,2601.7700244362804,571.86857879214
