season,E_ac,load_wh,consumed_solar,E_ac_kwh,load_wh_kwh,consumed_solar_kwh
Winter,616800.0726846702,2640160.797717479,503719.400116045,616.8000726846702,2640.160797717479,503.71940011604505
Spring,928883.1911253154,2593801.700185377,697110.7238583945,928.8831911253154,2593.8017001853773,697.1107238583945
Summer,947810.2360078142,2603494.698226185,790171.2627421676,947.8102360078142,2603.494698226185,790.1712627421675
Fall,733887.9093007412,2601770.0244362806,570087.7791274764,733.8879093007412,2601.7700244362804,570.0877791274764
