Metric,Value
panel_efficiency,14.633254069873788
system_efficiency,11.127890620846596
performance_ratio,76.04522253021041
system_yield,1443.8663068495878
specific_yield,211.2846251106037
capacity_factor,16.48249208732406
self_consumption_ratio,80.09977377218333
self_sufficiency_ratio,24.623456280552656
grid_dependency,75.37654371944735
land_use_efficiency,211.2846251106037
