Metric,Value
panel_efficiency,14.633254069873788
system_efficiency,11.127548471851352
performance_ratio,76.04288436951417
system_yield,1444.2685423768162
specific_yield,211.34348525726233
capacity_factor,16.487083817086944
self_consumption_ratio,80.0751650410521
self_sufficiency_ratio,24.622748865613193
grid_dependency,75.37725113438681
land_use_efficiency,211.34348525726233
