Metric,Value
NPV,512856.52310068684
IRR,13.765068799257282
ROI,312.56324710524837
Payback_Period_Years,7.5386599156306575
Discounted_Payback_Period_Years,10.0
LCOE,0.06615735173835863
