Metric,Value
NPV,1344521.5200982196
IRR,33.96891677752137
Payback_Period_Years,3.1159337295908176
LCOE,0.03693547601710015
ROI,0.0
