Metric,Value
NPV,1130914.2731987434
IRR,22.826583357527856
ROI,581.0734072123577
Payback_Period_Years,4.543671708980066
Discounted_Payback_Period_Years,6.0
LCOE,0.04014988725616084
