,config_name,tilt,azimuth,total_horizontal_irradiance_kwh_m2,total_poa_irradiance_kwh_m2,dni_total_kwh_m2,dhi_total_kwh_m2,incident_energy_total_kwh,dc_ideal_energy_kwh,dc_actual_energy_kwh,ac_final_energy_kwh,pre_temp_losses_kwh,temperature_losses_kwh,inverter_losses_kwh,total_losses_kwh,average_pr,average_cell_temp,hours_of_production,number_of_panels,inverter_efficiency,panel_area_m2
Baseline,Baseline,37.98983,180.0,1862.402,1451.2159240988801,1298.211792813134,586.07,2013547.5825279553,260337.33114542303,241582.89757666423,231919.58167359766,33640.61590365845,18754.433568758745,9663.31590306658,62058.365375483765,0.8240817542759096,25.045233720422264,4210,845,96.0,1387.49
Optimal,Optimal,47.53966081602744,120.72307041343377,1862.402,1914.6484189897703,1298.211792813134,586.07,2656555.534864116,343473.67004748894,307241.2516502455,294951.6015842357,44383.43804267209,36232.41839724339,12289.65006600983,92905.50650592531,0.8097272652867321,26.86378303684627,4210,845,96.0,1387.49
