season,E_ac,load_wh,surplus,deficit,consumed_solar,net_balance_wh,self_consumption_ratio,self_sufficiency_ratio,E_ac_kwh,load_wh_kwh,surplus_kwh,deficit_kwh,consumed_solar_kwh,net_balance_wh_kwh
Winter,55512006.54162032,237614471.7945731,10177260.531176273,192279725.78412902,45334746.01044405,-182102465.25295278,81.66655978550183,19.079118232174718,55512.00654162032,237614.4717945731,10177.260531176273,192279.72578412903,45334.746010444054,-182102.4652529528
Spring,85457253.58352901,238629756.4170547,21323066.988556717,174495569.8220824,64134186.5949723,-153172502.83352572,75.04826554282513,26.876022319230202,85457.253583529,238629.7564170547,21323.066988556715,174495.5698220824,64134.1865949723,-153172.5028335257
Summer,87198541.7127189,239521512.23680902,14502785.54043949,166825756.0645296,72695756.17227942,-152322970.5240901,83.368087062488,30.350407983566384,87198.5417127189,239521.512236809,14502.78554043949,166825.7560645296,72695.75617227942,-152322.9705240901
Fall,66783799.74636745,236761072.22370154,14905811.845767098,184883084.3231012,51877987.900600344,-169977272.47733408,77.68049751230593,21.91153613782586,66783.79974636744,236761.07222370154,14905.811845767097,184883.08432310118,51877.98790060035,-169977.27247733407
