season,E_ac,load_wh,surplus,deficit,consumed_solar,net_balance_wh,self_consumption_ratio,self_sufficiency_ratio,E_ac_kwh,load_wh_kwh,surplus_kwh,deficit_kwh,consumed_solar_kwh,net_balance_wh_kwh
Winter,55086703.99019808,237614471.7945731,9641343.876968084,192169111.68134308,45445360.11323,-182527767.80437502,82.49787484347651,19.12567015384453,55086.70399019808,237614.4717945731,9641.343876968083,192169.11168134309,45445.360113229995,-182527.76780437503
Spring,84949361.7256194,238629756.4170547,20576062.582235806,174256457.2736711,64373299.1433836,-153680394.6914353,75.778437690097,26.976224637667563,84949.36172561941,238629.7564170547,20576.062582235805,174256.45727367108,64373.2991433836,-153680.3946914353
Summer,86646893.34815145,239521512.23680902,13967308.312959326,166841927.2016169,72679585.03519212,-152874618.88865757,83.88019723126368,30.34365654945248,86646.89334815144,239521.512236809,13967.308312959327,166841.92720161693,72679.58503519211,-152874.61888865757
Fall,66214701.33004934,236761072.22370154,14174660.659964604,184721031.5536168,52040040.67008474,-170546370.8936522,78.59287986619384,21.97998183625186,66214.70133004934,236761.07222370154,14174.660659964604,184721.0315536168,52040.04067008474,-170546.3708936522
